configuracion,MSE,MAE
"relu [7, 8, 4, 1]",0.8252890184546712,0.7718317210256774
"sigmoid [7, 16, 8, 1]",1.0394007564567789,0.8674062934957337
"tanh [7, 32, 16, 1]",0.327617344701588,0.4816501545946971
Regresión Lineal,0.05392703102568147,0.18922895428583572
